username,password,first_name,last_name,telephone1,telephone2,email,machine_id,brigade_name,date_of_birth,date_start_work
cbairak,123456,Леонід,Башполченко,3740261,0226568400,cbairak@i.ua,1,1,1985-09-28,2015-10-21
hordiivasylashko,123456,Назар,Мазур,465-32-77,+380167947301,hordiivasylashko@sirko.укр,2,2,1990-04-27,2010-09-07
jdotsenko,123456,Леопольд,Приймак,+38010296-74-81,2051753,jdotsenko@yeshchenko-vdovychenko.ua,3,3,1998-12-29,2005-07-20
davyd71,123456,Венедикт,Романенко,077605-17-01,0788077563,davyd71@bashpolchenko.ua,4,4,1994-05-24,2012-09-06
chavryshkevych,123456,Богдан,Бабак,917-66-45,+380915352598,chavryshkevych@dzhun.com,5,5,1993-11-11,2012-03-07
verhunmarusia,123456,,Ісаєнко,+38(062)021-43-17,+380105666484,verhunmarusia@meta.ua,6,6,1982-12-22,2006-10-03
gzinkevych,123456,Аврелій,Христич,064825-55-80,1428834,gzinkevych@deineko.net,7,7,1998-05-20,2012-10-14
nosachenkoherman,123456,Марко,Медведенко,+38(081)509-65-58,+38028480-22-75,nosachenkoherman@gmail.com,8,8,1992-08-29,2018-07-10
stepan32,123456,Венедикт,Іванченко,+38081883-89-16,7853190,stepan32@kozachenko-chumak.com,9,9,1984-02-12,2010-04-16
bohuslavatelizhenko,123456,,Єфименко,020773-89-09,398-79-31,bohuslavatelizhenko@meta.ua,10,10,1983-08-28,2012-08-06
prokopovychroman,123456,Іван,Бабʼяк,981-88-97,+380633881509,prokopovychroman@i.ua,11,11,1982-12-07,2004-10-10
onysymartymovych,123456,Марко,Дашенко,+38(052)415-71-99,151-26-37,onysymartymovych@asaula.укр,12,12,1989-05-21,2001-01-28
korzhpavlo,123456,Зорян,Зайченко,854-31-88,+380893588771,korzhpavlo@gov.ua,13,13,1998-03-18,2004-09-04
albinahaida,123456,Арсен,Носенко,719-07-28,059850-30-44,albinahaida@gov.ua,14,14,1995-04-30,2015-08-14
konoplenkohavrylo,123456,Мирослав,Тимчук,+38072882-34-42,+38030260-84-89,konoplenkohavrylo@meta.ua,15,15,1980-06-06,2015-04-14
tsymbaliukstepan,123456,Августин,Тригуб,0262176234,+38024395-01-99,tsymbaliukstepan@i.ua,16,16,1984-09-26,2004-03-05
vira13,123456,Артем,Примаченко,374-92-93,468-78-31,vira13@meta.ua,17,17,1997-04-14,2018-03-16
fomenkoalbina,123456,Роман,Авраменко,+38032182-91-16,+38(073)468-31-20,fomenkoalbina@gov.ua,18,18,1981-07-22,2007-03-04
erika31,123456,Алевтин,Вернидуб,+38086739-64-60,4811669,erika31@ukr.net,19,19,1996-10-04,2015-08-17
zlatoslava76,123456,Леонтій,Давиденко,+380681971607,0716860777,zlatoslava76@email.ua,20,20,1982-11-24,2004-11-18
iiurchyshyn,123456,Азар,Колісниченко,0906057,+38000341-61-10,iiurchyshyn@i.ua,21,21,1987-06-26,2004-12-11
zlatoslava85,123456,Тарас,Петренко,303-20-22,+38026709-20-32,zlatoslava85@vertyporokh-masliak.org,22,22,1998-05-13,2008-07-21
panaslemeshko,123456,Аркадій,Єрьоменко,+38042954-15-72,099397-84-96,panaslemeshko@gov.ua,23,23,1985-07-19,2014-12-29
darahanmakar,123456,Соломон,Ткач,8932389,434-84-03,darahanmakar@vysochan.info,24,24,1996-09-19,2003-08-26
jopanasenko,123456,Семен,Затула,4910859,+380946157065,jopanasenko@karas.org,25,25,1982-09-27,2006-10-10
korzhnestor,123456,Вʼячеслав,Александренко,+380093560682,+380940069950,korzhnestor@atamaniuk.org,26,26,1993-10-07,2003-02-23
prykhodkohanna,123456,Максим,Забарний,0345814440,7418760,prykhodkohanna@i.ua,27,27,1982-05-21,2013-01-01
liudmyla06,123456,Іван,Забара,0005534397,095173-72-45,liudmyla06@vlasiuk.net,28,28,1993-11-08,2006-03-10
lukian27,123456,Яків,Романець,+38047207-91-59,+380953693007,lukian27@perebyinis-skopenko.org,29,29,1991-07-14,2011-11-13
serhii99,123456,Леопольд,Бабиченко,+38(057)204-96-36,0484739948,serhii99@email.ua,30,30,1992-02-24,2015-04-01
davyd61,123456,Ярема,Баштан,5609619,0792227126,davyd61@redko.info,31,31,1989-03-07,2001-03-20
olena70,123456,Опанас,Сомко,052553-43-28,0468831582,olena70@laba.ua,32,32,1986-02-24,2013-08-21
valentyn45,123456,Кирило,Непорожній,002868-49-04,+38(014)678-02-85,valentyn45@meta.ua,33,33,1981-07-16,2004-03-07
andriievychlarysa,123456,Борислав,Гаврилів,+38021285-72-02,+38081792-13-72,andriievychlarysa@meta.ua,34,34,1981-03-25,2003-01-16
wdemianchuk,123456,Святослав,Бабко,+38071477-75-79,010067-19-86,wdemianchuk@i.ua,35,35,1998-02-11,2016-03-12
lazarenkomykolai,123456,Леонтій,Пелех,+38051186-53-54,039637-47-52,lazarenkomykolai@isaienko.укр,36,36,1996-08-18,2014-12-20
valentyna34,123456,Тимофій,Іванченко,+38070412-85-60,133-15-30,valentyna34@meta.ua,37,37,1997-08-17,2015-06-01
oleh96,123456,Гаврило,Шведченко,0386529143,+38065366-85-77,oleh96@gmail.com,38,38,1993-02-16,2002-04-25
iaryna55,123456,Назар,Гузь,+38094173-99-02,054-17-86,iaryna55@i.ua,39,39,1984-03-28,2018-12-05
iatsenkodan,123456,Левко,Овчаренко,7589549,892-09-33,iatsenkodan@ukr.net,40,40,1989-03-19,2012-02-27
leon38,123456,Назар,Івасюк,+38022126-48-14,+38(086)596-30-51,leon38@hrytsenko.com,41,41,1983-05-04,2006-08-19
edutka,123456,Демʼян,Затовканюк,7275495,+38076446-89-43,edutka@i.ua,42,42,1993-08-04,2006-06-03
myron09,123456,Павло,Гузь,+38(090)620-88-01,+38(039)803-26-80,myron09@devdiuk-lytvyn.info,43,43,1984-11-15,2017-02-10
kamillahutsuliak,123456,Кирило,Дробаха,+38(058)856-43-12,+38(002)425-63-13,kamillahutsuliak@yatseniuk-sachenko.ua,44,44,1986-06-17,2010-08-30
mykhailo94,123456,Пилип,Ґалаґан,+38017611-30-87,9230122,mykhailo94@gov.ua,45,45,1998-10-30,2007-08-31
babiakmyron,123456,Олег,Фартушняк,+380657987961,+38057653-08-65,babiakmyron@ukr.net,46,46,1997-10-12,2007-07-12
schumachenko,123456,Юхим,Теличенко,198-72-80,+38(073)811-78-90,schumachenko@datsenko-oliinyk.укр,47,47,1990-04-25,2016-05-20
nataliia62,123456,Демид,Стус,+380899432828,+38015820-13-85,nataliia62@mykytiuk-stets.org,48,48,1998-03-08,2004-08-07
khomykmariana,123456,Валентин,Товстоліс,090813-73-18,005612-48-93,khomykmariana@gov.ua,49,49,1995-04-03,2019-12-03
wderhach,123456,Лукʼян,Гайворонський,+380822104210,+38035518-74-89,wderhach@meta.ua,50,50,1982-01-25,2008-06-28
ustenkoborys,123456,Хома,Гуцуляк,353-71-98,6065469,ustenkoborys@ukr.net,51,51,1994-04-17,2002-05-29
banduraanzhela,123456,Данило,Прокопович,0735766967,+380152553125,banduraanzhela@komar-lavrenko.укр,52,52,1990-12-13,2006-12-23
maksymtverdokhlib,123456,Семен,Абраменко,145-74-40,566-04-63,maksymtverdokhlib@email.ua,53,53,1986-09-02,2007-01-31
zakharenkohavrylo,123456,Віталій,Алексеєнко,+380300429621,+380824582248,zakharenkohavrylo@meta.ua,54,54,1992-06-03,2005-03-26
zakharchenkovenedykt,123456,Варфоломій,Вдовенко,+38(001)234-11-99,0055240,zakharchenkovenedykt@lemeshko-vashchenko.укр,55,55,1980-04-13,2001-11-11
fomenkolevko,123456,Франц,Левченко,981-68-25,028307-12-48,fomenkolevko@gov.ua,56,56,1992-04-25,2013-05-30
vasylevychmykolai,123456,Ярослав,Артимишин,+38(043)001-88-64,369-47-56,vasylevychmykolai@meta.ua,57,57,1991-09-15,2010-10-19
nnikoliuk,123456,Теодор,Гаєвський,+38(081)823-43-27,+38033086-74-12,nnikoliuk@karpenko.com,58,58,1992-02-22,2020-03-10
olehakulenko,123456,Антон,Гайдай,096206-99-12,+38087041-03-11,olehakulenko@gmail.com,59,59,1982-09-11,2016-01-18
neporozhniivalentyn,123456,Ярослав,Михалюк,+38040414-25-74,+38038119-95-42,neporozhniivalentyn@davymuka.ua,60,60,1983-10-24,2012-08-09
bprymachenko,123456,Мирослав,Андрієвич,0758506899,+38045971-83-73,bprymachenko@gerus.укр,61,61,1985-02-10,2016-06-12
orysialubenets,123456,Федір,Барабаш,2525502,0069377912,orysialubenets@gmail.com,62,62,1992-02-27,2018-05-07
bohdanbaranyk,123456,Азар,Гайденко,059951-88-82,362-96-47,bohdanbaranyk@email.ua,63,63,1990-02-02,2006-05-02
sirchenkoanzhela,123456,Спас,Хмара,+38040288-97-71,+38000044-61-79,sirchenkoanzhela@zaika-tkachenko.net,64,64,1992-09-29,2014-09-24
radchenkoliza,123456,Азар,Ейбоженко,+38099024-82-14,0673420088,radchenkoliza@radchenko.info,65,65,1984-11-12,2012-08-03
trokhymdatsiuk,123456,Франц,Рубан,+38018529-96-96,0782022,trokhymdatsiuk@demianenko.укр,66,66,1991-11-01,2018-10-02
vitalii69,123456,Георгій,Гунько,025633-90-75,+38025156-39-39,vitalii69@gov.ua,67,67,1988-09-03,2015-04-04
xtsisyk,123456,Мирон,Дзиндра,2198828,+38014151-39-07,xtsisyk@huz-atroshchenko.info,68,68,1993-04-25,2020-04-16
solomon83,123456,Степан,Тарасенко,0334212,+38(011)131-10-88,solomon83@ostapchuk.org,69,69,1997-04-08,2017-03-11
vasylynababych,123456,Пармен,Пелех,7033172,079458-32-57,vasylynababych@gov.ua,70,70,1981-02-14,2003-12-28
eshchors,123456,Ярема,Вишняк,+38076842-44-66,988-42-06,eshchors@ukr.net,71,71,1981-09-08,2009-11-29
eibozhenkoostap,123456,Едуард,Ґалаґан,+38(099)666-07-81,198-72-19,eibozhenkoostap@yakymchuk.укр,72,72,1992-06-15,2001-02-12
leontii93,123456,Давид,Дашенко,071694-29-91,0355149194,leontii93@gmail.com,73,73,1989-01-08,2009-08-05
korbutopanas,123456,Арсен,Зінкевич,+380661918815,+38079841-41-53,korbutopanas@nosenko.com,74,74,1987-06-13,2014-05-16
ibalaban,123456,Лукʼян,Онуфрієнко,+38(077)518-62-92,072659-77-27,ibalaban@gmail.com,75,75,1982-12-13,2008-02-07
ffomenko,123456,Григорій,Самойленко,1023194,+38008458-15-07,ffomenko@ukr.net,76,76,1996-03-12,2017-06-29
levkoieresko,123456,Микита,Забарний,4193565,903-59-16,levkoieresko@viter.com,77,77,1983-04-07,2010-10-03
ivasiukanita,123456,Богодар,Венгринович,0387043306,027926-82-12,ivasiukanita@gov.ua,78,78,1997-07-14,2009-05-23
liliia04,123456,Ярема,Забашта,4986675,+38003011-16-09,liliia04@deineko.укр,79,79,1986-03-19,2010-06-26
albertsvystun,123456,Пантелеймон,Луценко,+380989759735,+38053073-58-97,albertsvystun@pushkar.org,80,80,1990-05-03,2019-03-11
volodymyriaremko,123456,Адам,Василечко,+38(047)158-93-49,009878-65-73,volodymyriaremko@email.ua,81,81,1991-01-10,2016-09-26
feofanumanets,123456,Онисим,Скирда,309-63-13,+380474333987,feofanumanets@gov.ua,82,82,1993-06-20,2017-08-28
myroslavbabarychenko,123456,Леопольд,Ніколюк,+38(051)278-48-13,069417-65-22,myroslavbabarychenko@ukr.net,83,83,1986-01-25,2016-02-10
erikaandriievych,123456,Семен,Сірко,+380644310451,944-41-19,erikaandriievych@shtokalo-averchenko.net,84,84,1997-10-20,2005-04-27
hanna82,123456,Юхим,Дейнеко,055764-16-22,+38(064)490-94-28,hanna82@kylymnyk.net,85,85,1983-02-16,2017-02-20
sheremetanastasiia,123456,Вʼячеслав,Даценко,+38094187-95-81,9362025,sheremetanastasiia@sirko.com,86,86,1980-05-05,2010-10-17
